iteration	commit	old_score	new_score	dimension	status	eval_mode	note
-	302ca5b	-	-	research	recorded	agent_run	run research: 3 questions, 0 findings, topic=governance modernization incentives
-	dd1401d	-	-	write	recorded	agent_run	draft generated: Incentive Mechanism Draft
-	dd1401d	-	-	critique	recorded	agent_run	critique generated from latest draft
-	dd1401d	-	-	validate	recorded	agent_run	validated 0 findings
-	dd1401d	-	-	research	recorded	agent_run	run research: 3 questions, 0 findings, topic=public service equalization incentives
-	dd1401d	-	-	write	recorded	agent_run	draft generated: Public Service Draft
-	dd1401d	-	-	critique	recorded	agent_run	critique generated from latest draft
-	dd1401d	-	-	validate	recorded	agent_run	validated 0 findings
-	0d32567	-	-	apply_draft	recorded	agent_run	applied draft to section: Applied Incentive Draft
-	0d32567	-	-	score	recorded	agent_run	rubric score total=6/6
-	0d32567	-	-	research	recorded	agent_run	run research: 3 questions, 0 findings, topic=high quality development incentives
-	0d32567	-	-	write	recorded	agent_run	draft generated: High Quality Development Draft
-	0d32567	-	-	apply_draft	recorded	agent_run	applied draft to section: High Quality Development Draft
-	0d32567	-	-	critique	recorded	agent_run	critique generated from latest draft
-	0d32567	-	-	validate	recorded	agent_run	validated 0 findings
-	0d32567	-	-	score	recorded	agent_run	rubric score total=6/6
-	a103a2f	6	11	score	recorded	agent_run	rubric score total=11/18
-	b056cf1	6	11	decision	keep	agent_run	score improved from 6 to 11
-	b056cf1	-	-	research	recorded	agent_run	run research: 3 questions, 0 findings, topic=ecological governance incentives
-	b056cf1	-	-	write	recorded	agent_run	draft generated: Ecological Governance Draft
-	b056cf1	-	-	apply_draft	recorded	agent_run	applied draft to section: Ecological Governance Draft
-	b056cf1	-	-	critique	recorded	agent_run	critique generated from latest draft
-	b056cf1	-	-	validate	recorded	agent_run	validated 0 findings
-	b056cf1	11	11	score	recorded	agent_run	rubric score total=11/18
-	b056cf1	11	11	decision	discard	agent_run	score did not improve (11 -> 11)
-	253e327	-	-	research	recorded	agent_run	run research: 3 questions, 0 findings, topic=administrative efficiency incentives
-	253e327	-	-	write	recorded	agent_run	draft generated: Administrative Efficiency Draft
-	253e327	-	-	apply_draft	recorded	agent_run	applied draft to section: Administrative Efficiency Draft (append)
-	253e327	-	-	critique	recorded	agent_run	critique generated from latest draft
-	253e327	-	-	validate	recorded	agent_run	validated 0 findings
-	253e327	11	12	score	recorded	agent_run	rubric score total=12/18
-	253e327	11	12	decision	keep	agent_run	score improved from 11 to 12
-	253e327	-	-	apply_draft	recorded	agent_run	applied draft to section: Administrative Efficiency Draft (replace)
-	3b6f2fd	12	11	discard_rollback	recorded	agent_run	restored snapshot after discard
